01072012,alias impedit,magni dolores alias esse dolorem
07022011,beatae libero,adipisci voluptates cupiditate sed incidunt
13102007,cumque facilis,maxime ab recusandae voluptatum asperiores
09122020,dignissimos et,vitae maxime alias unde odit
09092011,facilis provident,qui ipsum libero ullam debitis
12122024,labore est,iste quaerat sapiente nisi voluptas
13082023,magnam consequuntur,vel dicta repellat eos autem
19092019,maxime accusamus,porro totam dolorum iusto illo
02082020,nam fugit,accusantium iusto tempore nesciunt fugiat
06042001,numquam repudiandae,quibusdam eveniet vitae velit quo
01072009,pariatur modi,similique velit eaque doloremque nisi
03022012,porro qui,eaque in sapiente ipsa odio
24032021,possimus provident,amet asperiores sunt praesentium iste
06122004,recusandae voluptatem,possimus amet ullam cum similique
19092017,tempora nulla,recusandae quisquam autem sed eius
19032003,temporibus earum,aliquid iusto itaque illum inventore
23042010,tenetur itaque,pariatur quos repudiandae voluptates quo
11052005,tenetur minima,magnam nisi sed perferendis repudiandae
06112024,velit ratione,itaque ipsa deserunt voluptatibus error
21122013,voluptatibus labore,officia tenetur ipsa facilis quas
